,train_metrics,test_metrics
RMSE,0.6646490570058,0.8968819608133923
MSE,0.4417583689786992,0.8043972516324754
MAE,0.5163192413070585,0.6902332315223257
FCP,0.8641122433753227,0.6403954871997433
